adWord,appShow,approve,businessZones,city,companyFullName,companyId,companyLabelList,companyLogo,companyShortName,companySize,createTime,deliver,district,education,explain,financeStage,firstType,formatCreateTime,gradeDescription,hitags,imState,industryField,industryLables,isHotHire,isSchoolJob,jobNature,lastLogin,latitude,linestaion,longitude,pcShow,plus,positionAdvantage,positionId,positionLables,positionName,promotionScoreExplain,publisherId,resumeProcessDay,resumeProcessRate,salary,score,secondType,skillLables,stationname,subwayline,thirdType,workYear
9,0,1,"['深圳湾', '蛇口', '后海']",深圳,深圳市赞达贸易有限公司,459953,"['带薪年假', '定期体检', '弹性工作', '海外电商']",i/image2/M01/57/80/CgoB5l0cF7KAcQ7RAABGDdKHrCM351.jpg,Lazada,2000人以上,2019-08-01 13:31:30,0,南山区,本科,,不需要融资,开发|测试|运维类,2019-08-01,,,today,"移动互联网,电商","['电商', '后端', 'Java', 'Javascript']",0,0,全职,1565761191000,22.509728,2号线/蛇口线_海月;2号线/蛇口线_登良;2号线/蛇口线_后海;11号线/机场线_后海,113.942553,0,,阿里巴巴第一个海外事业部,5402875,"['电商', '后端', 'Java', 'Javascript']",JAVA开发专家,,11995480,1,100,30k-50k,0,后端开发,"['后端', 'Java', 'Javascript']",后海,2号线/蛇口线,Java,3-5年
9,0,1,,深圳,深圳乐信软件技术有限公司,15175,"['年终分红', '绩效奖金', '专项奖金', '年底双薪']",i/image/M00/3B/D0/CgpFT1lRzq-AEd2vAAA8awVHq_M312.jpg,乐信,2000人以上,2019-08-13 16:38:16,0,南山区,本科,,上市公司,开发|测试|运维类,1天前发布,,,today,金融,['互联网金融'],0,0,全职,1565686115000,22.538345,1号线/罗宝线_高新园;1号线/罗宝线_深大;2号线/蛇口线_科苑,113.944704,0,,上市公司 行业top 绩效奖金 弹性工作,6169842,['互联网金融'],后台java（金融科技） (MJ000690),,9016240,1,100,15k-30k,0,后端开发,[],高新园,2号线/蛇口线,Java,3-5年
0,0,1,"['酒仙桥', '大山子']",北京,贝壳找房（北京）科技有限公司,55446,"['股票期权', '带薪年假', '绩效奖金', '扁平管理']",i/image2/M01/AC/F7/CgotOVvycNiAAe8OAABhrmY_47k309.png,贝壳,2000人以上,2019-08-14 08:57:54,0,朝阳区,本科,,D轮及以上,开发|测试|运维类,08:57发布,,"['免费班车', '免费健身房', '免费下午茶', '一年调薪1次', '一年调薪2次', '15薪', '弹性工作', '地铁周边', '定期团建', '工作居住证', '超长年假', '6险2金']",today,房产家居,[],0,0,全职,1565746566000,39.97606,14号线东段_将台,116.496941,0,,"15薪,免费三餐,大平台,健身房",5470891,"['ERP', 'Java']",Java研发工程师（财务方向）,,11143900,1,100,30k-40k,0,后端开发,"['ERP', 'Java']",将台,14号线东段,Java,5-10年
0,0,1,['西乡'],深圳,深圳市递四方信息科技有限公司,5972,"['五险一金', '带薪年假', '节日礼物', '定期体检']",image1/M00/00/0D/Cgo8PFTUWCGANxjZAABEF6uK-Fs787.png,4PX,500-2000人,2019-08-14 09:52:07,0,宝安区,本科,,D轮及以上,开发|测试|运维类,09:52发布,,,today,"移动互联网,电商","['物流', '大数据', '后端', '分布式', '中间件']",0,0,全职,1565762639000,22.567199,1号线/罗宝线_坪洲;1号线/罗宝线_西乡;11号线/机场线_碧海湾,113.867674,0,,阿里系 自主研发 团队氛围好 技术大咖多,2149596,"['物流', '大数据', '后端', '分布式', '中间件']",Java开发工程师,,5724605,1,100,14k-25k,0,后端开发,"['后端', '分布式', '中间件']",西乡,11号线/机场线,Java,3-5年
0,0,1,['虹口足球场'],上海,拉勾猎头,484985,"['一手内推信息', '猎头专业服务', '名企保面试', '精准高效对接']",i/image2/M01/B5/50/CgotOVwI2_iAAmhzAADgtGl1Ps4267.jpg,拉勾猎头,500-2000人,2019-08-14 09:48:59,0,虹口区,本科,,D轮及以上,开发|测试|运维类,09:48发布,,,today,"移动互联网,企业服务",[],0,0,全职,1565760739000,31.271623,3号线_赤峰路;3号线_虹口足球场;3号线_东宝兴路;8号线_西藏北路;8号线_虹口足球场,121.475743,0,,平台大,6270902,['后端'],Java（上海）,,8603992,1,100,20k-35k,0,后端开发,['后端'],西藏北路,3号线,Java,5-10年
0,0,1,['华侨城'],深圳,深圳市超级猩猩健身管理有限公司,70395,"['岗位晋升', '扁平管理', '五险一金', '带薪年假']",images/logo_default.png,超级猩猩健身,150-500人,2019-08-14 09:53:51,0,南山区,本科,,D轮及以上,开发|测试|运维类,09:53发布,,,today,移动互联网,"['新零售', '后端', 'Java', '分布式']",0,0,全职,1565747617000,22.536187,1号线/罗宝线_侨城东;1号线/罗宝线_华侨城;2号线/蛇口线_侨城北;2号线/蛇口线_深康,113.995693,0,,技术分享、氛围好、加班少、内部活动多,5043329,"['新零售', '后端', 'Java', '分布式']",Java开发工程师,,4356947,1,100,10k-20k,0,后端开发,"['后端', 'Java', '分布式']",侨城东,2号线/蛇口线,Java,1-3年
0,0,1,"['朝阳门', '东单', '东四']",北京,成都富科软件有限公司,435282,[],i/image2/M01/38/03/CgotOVzmbZGAbJ-gAAAfwux_oTA135.jpg,富科软件,150-500人,2019-08-14 14:00:21,0,东城区,本科,,不需要融资,开发|测试|运维类,14:00发布,,,today,"移动互联网,数据服务",[],0,0,全职,1565762409000,39.924699,2号线_东四十条;2号线_朝阳门;5号线_灯市口;5号线_东四;5号线_张自忠路;6号线_朝阳门;6号线_东四,116.427861,0,,年薪100w+,6278727,"['后端', 'Java']",java开发工程师,,14618145,1,100,20k-35k,0,后端开发,"['后端', 'Java']",灯市口,2号线,Java,10年以上
0,0,1,"['棠景', '白云大道', '新市']",广州,广州纳诺科技股份有限公司,737706,[],i/image2/M01/61/54/CgoB5l0sKYGAA0ojABXSd30NW1Q094.jpg,广州纳诺,150-500人,2019-08-14 13:46:31,0,白云区,大专,,未融资,开发|测试|运维类,13:46发布,,,today,通讯电子,[],0,0,全职,1565753048000,23.173983,2号线_飞翔公园;2号线_白云公园,113.261262,0,,双休、少加班、福利齐全、国企项目,6271118,"['MySQL', '分布式']",java开发工程师,,14545437,1,73,9k-13k,0,后端开发,"['MySQL', '分布式']",飞翔公园,2号线,Java,3-5年
0,0,1,"['江南大道', '昌岗', '江南中']",广州,广州市乐沃信息科技有限公司,295931,"['年终分红', '绩效奖金', '领导好', '扁平管理']",i/image2/M01/11/92/CgotOVykbbyAbCNnAABRgZQlzjw615.png,音乐窝,50-150人,2019-08-14 09:17:44,0,海珠区,大专,,不需要融资,开发|测试|运维类,09:17发布,,,today,"移动互联网,教育","['教育', '移动互联网', 'Java']",0,0,全职,1565745411000,23.082925,2号线_江泰路;2号线_昌岗;8号线_沙园;8号线_宝岗大道;8号线_昌岗;广佛线_燕岗;广佛线_沙园,113.269519,0,,周末双休 全勤奖 年终奖 团队氛围好,6271347,"['教育', '移动互联网', 'Java']",java开发工程师,,4585181,1,96,10k-15k,0,后端开发,['Java'],昌岗,2号线,Java,3-5年
0,0,1,,成都,深圳市紫川软件有限公司,63500,"['节日礼物', '年底双薪', '绩效奖金', '岗位晋升']",image1/M00/1E/0B/Cgo8PFUs7oaAUTecAAAycd-TRzY723.jpg,紫川软件,500-2000人,2019-08-13 14:36:57,0,锦江区,大专,,不需要融资,开发|测试|运维类,1天前发布,,,today,"电商,金融","['金融', 'Java']",0,0,全职,1565761982000,30.58916,,104.084024,0,,节假日礼金发放，一年一度免费旅游,6275005,"['金融', 'Java']",java工程师,,1583995,1,100,9k-16k,0,后端开发,['Java'],,,Java,3-5年
0,0,1,,杭州,淘宝（中国）软件有限公司,285786,"['年底双薪', '带薪年假', '午餐补助', '弹性工作']",i/image2/M00/23/9F/CgoB5loXlLOAfG9lAAAgx-cjoj0954.jpg,阿里巴巴-新零售技术事业群,2000人以上,2019-08-12 12:16:57,0,余杭区,本科,,上市公司,开发|测试|运维类,2天前发布,,,today,电商,"['电商', '后端', '服务器端', 'J2EE']",0,1,全职,1565752462000,30.419045,,120.299402,0,,项目牛、技术新、团队强,6272331,"['电商', '后端', '服务器端', 'J2EE']",java工程师,,6679514,1,87,15k-20k,0,后端开发,"['后端', '服务器端', 'J2EE']",,,Java,应届毕业生
0,0,1,"['中关村', '万泉河', '苏州街']",北京,北京拉勾网络技术有限公司,147,"['五险一金', '弹性工作', '带薪年假', '免费两餐']",i/image/M00/76/40/Cgp3O1g1TNOAB2yxAAA9bQUyc4g814.png,拉勾网,500-2000人,2019-08-12 16:40:36,0,海淀区,本科,,D轮及以上,开发|测试|运维类,2天前发布,,"['免费下午茶', 'ipo倒计时', 'bat背景', '地铁周边', '每天管两餐', '定期团建', '团队年轻有活力', '6险1金']",today,企业服务,[],0,0,全职,1565697348000,39.982184,4号线大兴线_海淀黄庄;4号线大兴线_中关村;4号线大兴线_北京大学东门;10号线_苏州街;10号线_海淀黄庄,116.307471,0,,"技术挑战与,个人成长,空间",4155824,['Java'],Java开发工程师,,103841,3,100,15k-30k,0,后端开发,['Java'],中关村,10号线,其他后端开发,3-5年
0,0,1,"['潍坊', '陆家嘴']",上海,上海海万信息科技股份有限公司,128998,[],i/image/M00/2A/A6/Cgp3O1cyziuAfM5AAAAe20ZOb-4754.png,海万科技,500-2000人,2019-08-14 13:52:16,0,浦东新区,本科,,不需要融资,开发|测试|运维类,13:52发布,,,today,"移动互联网,金融",['金融'],0,0,全职,1565757240000,31.233083,2号线_世纪大道;2号线_东昌路;4号线_浦东大道;4号线_世纪大道;6号线_世纪大道;6号线_源深体育中心;9号线_世纪大道;9号线_商城路,121.520476,0,,五险一金带薪年假、旅游、生育礼金绩效奖金,6271746,['金融'],Java,,12927166,1,75,13k-20k,0,后端开发,[],世纪大道,2号线,Java,3-5年
0,0,1,"['开发区', '浦沿']",杭州,税友软件集团股份有限公司,10223,"['年终分红', '绩效奖金', '年底双薪', '交通补助']",image1/M00/00/14/CgYXBlTUWECANBWJAAB_quE1oF0838.jpg,税友软件,2000人以上,2019-08-13 13:44:40,0,滨江区,本科,,不需要融资,开发|测试|运维类,1天前发布,,,today,企业服务,[],0,0,全职,1565748753000,30.17909,4号线_杨家墩;4号线_中医药大学;4号线_联庄,120.15708,0,,大平台，行业前景好，扁平化管理,6278302,"['后端', '服务器端', '分布式']",java开发工程师,,8496754,1,22,12k-16k,0,后端开发,"['后端', '服务器端', '分布式']",中医药大学,4号线,Java,3-5年
0,0,1,,南京,飞虎互动科技（北京）有限公司,132990,"['专项奖金', '绩效奖金', '五险一金', '岗位晋升']",images/logo_default.png,飞虎互动,50-150人,2019-08-14 13:41:02,0,雨花台区,本科,,A轮,开发|测试|运维类,13:41发布,,,today,"移动互联网,消费生活","['移动互联网', 'Java']",0,0,全职,1565761162000,31.991347,,118.779073,0,,交通便利，办公环境好，团队氛围帮棒,6279128,"['移动互联网', 'Java']",java开发,,4517211,1,100,8k-15k,0,后端开发,['Java'],,,Java,1-3年
9,0,1,"['深圳湾', '蛇口', '后海']",深圳,深圳市赞达贸易有限公司,459953,"['带薪年假', '定期体检', '弹性工作', '海外电商']",i/image2/M01/57/80/CgoB5l0cF7KAcQ7RAABGDdKHrCM351.jpg,Lazada,2000人以上,2019-08-01 13:33:15,0,南山区,本科,,不需要融资,开发|测试|运维类,2019-08-01,,,today,"移动互联网,电商","['电商', '移动互联网', '后端', 'Java']",0,0,全职,1565761191000,22.509728,2号线/蛇口线_海月;2号线/蛇口线_登良;2号线/蛇口线_后海;11号线/机场线_后海,113.942553,0,,阿里巴巴第一个海外事业部,5391747,"['电商', '移动互联网', '后端', 'Java']",LAZADA-JAVA开发专家-大促,,11995480,1,100,30k-50k,0,后端开发,"['后端', 'Java']",后海,2号线/蛇口线,Java,3-5年
9,0,1,['新洲'],深圳,深圳特为科创信息技术有限公司,247335,[],i/image2/M01/5D/E7/CgoB5l0lsmGAKCIcAAgB1XMbMnQ606.png,特为科创,150-500人,2019-08-14 08:45:05,0,福田区,大专,,未融资,开发|测试|运维类,08:45发布,,,today,"移动互联网,人工智能",[],0,0,全职,1565762144000,22.535702,1号线/罗宝线_岗厦;1号线/罗宝线_会展中心;1号线/罗宝线_购物公园;2号线/蛇口线_莲花西;2号线/蛇口线_福田;2号线/蛇口线_市民中心;3号线/龙岗线_石厦;3号线/龙岗线_购物公园;3号线/龙岗线_福田;4号线/龙华线_会展中心;4号线/龙华线_市民中心;7号线_石厦;11号线/机场线_福田,114.053855,0,,五险一金、双休、旅游团建、节日福利,6266394,['J2EE'],java开发,,14788550,1,66,11k-19k,0,后端开发,['J2EE'],岗厦,2号线/蛇口线,Java,3-5年
0,0,1,['临平'],杭州,淘宝（中国）软件有限公司,285786,"['年底双薪', '带薪年假', '午餐补助', '弹性工作']",i/image2/M00/23/9F/CgoB5loXlLOAfG9lAAAgx-cjoj0954.jpg,阿里巴巴-新零售技术事业群,2000人以上,2019-08-13 17:51:31,0,余杭区,本科,,上市公司,开发|测试|运维类,1天前发布,,,today,电商,"['电商', '新零售', '后端', '服务器端', '分布式', 'Java']",0,0,全职,1565762543000,30.419045,,120.299402,0,,挑战,6280895,"['电商', '新零售', '后端', '服务器端', '分布式', 'Java']",java开发工程师,,3163486,0,0,20k-40k,0,后端开发,"['后端', '服务器端', '分布式', 'Java']",,,Java,不限
0,0,1,,北京,贝壳找房（北京）科技有限公司,55446,"['股票期权', '带薪年假', '绩效奖金', '扁平管理']",i/image2/M01/AC/F7/CgotOVvycNiAAe8OAABhrmY_47k309.png,贝壳,2000人以上,2019-08-14 08:57:55,0,海淀区,本科,,D轮及以上,开发|测试|运维类,08:57发布,,"['免费班车', '免费健身房', '免费下午茶', '一年调薪1次', '一年调薪2次', '15薪', '弹性工作', '地铁周边', '定期团建', '工作居住证', '超长年假', '6险2金']",today,房产家居,"['教育', '后端']",0,0,全职,1565746566000,40.04018,13号线_上地;13号线_西二旗;昌平线_西二旗,116.305611,0,,"16薪,大平台",6040879,"['教育', '后端']",Java工程师-花桥学院,,11143900,1,100,30k-50k,0,后端开发,['后端'],西二旗,昌平线,Java,5-10年
0,0,1,"['建国门', '北京站', '东单']",北京,北京捷越联合信息咨询有限公司,3450,"['技能培训', '节日礼物', '岗位晋升', '扁平管理']",image1/M00/00/09/CgYXBlTUWBKAOr5hAACxUg3QoJc703.png,北京捷越联合,2000人以上,2019-08-13 17:06:24,0,东城区,本科,,不需要融资,开发|测试|运维类,1天前发布,,,today,金融,[],0,0,全职,1565747179000,39.907201,1号线_东单;1号线_建国门;2号线_建国门;2号线_北京站;2号线_崇文门;5号线_崇文门;5号线_东单,116.429885,0,,六险一金 弹性打卡 零食水果,6280484,"['后端', '中间件', '分布式']",java工程师,,10311390,1,100,15k-22k,0,后端开发,"['后端', '中间件', '分布式']",东单,2号线,Java,3-5年
0,0,1,['唐镇'],上海,深圳市博悦科创科技有限公司,117217,"['年底双薪', '定期体检', '绩效奖金', '技能培训']",i/image/M00/10/8F/CgqKkVbf8TKACeAMAAAop3DnaW4486.png,博悦科创,500-2000人,2019-08-14 13:44:35,0,浦东新区,大专,,不需要融资,开发|测试|运维类,13:44发布,,,today,移动互联网,[],0,0,全职,1565743780000,31.240744,,121.677756,0,,"技术新,晋升快,福利待遇好,发展空间大",6276078,['Java'],急聘JAVA开发,,9637977,1,96,10k-16k,0,后端开发,['Java'],,,Java,3-5年
0,0,1,"['棠景', '白云大道', '新市']",广州,广州纳诺科技股份有限公司,737706,[],i/image2/M01/61/54/CgoB5l0sKYGAA0ojABXSd30NW1Q094.jpg,广州纳诺,150-500人,2019-08-14 13:46:31,0,白云区,大专,,未融资,开发|测试|运维类,13:46发布,,,today,通讯电子,[],0,0,全职,1565753048000,23.173983,2号线_飞翔公园;2号线_白云公园,113.261262,0,,不加班；六险一金；年终奖；年度体检,6271136,"['分布式', 'MySQL']",java开发工程师,,14545437,1,73,12k-22k,0,后端开发,"['分布式', 'MySQL']",飞翔公园,2号线,Java,5-10年
0,0,1,"['人民南', '东门', '国贸']",深圳,深圳市汇合发展有限公司,296391,"['绩效奖金', '带薪年假', '管理规范', '五险一金']",i/image2/M01/C5/91/CgotOVwy-z6AOhE2AAAXjgvMqg8020.png,汇合,2000人以上,2019-08-14 08:34:20,0,罗湖区,本科,,不需要融资,开发|测试|运维类,08:34发布,,,today,"企业服务,金融",['银行'],0,0,全职,1565742744000,22.542001,1号线/罗宝线_国贸;1号线/罗宝线_老街;1号线/罗宝线_大剧院;1号线/罗宝线_大剧院;2号线/蛇口线_大剧院;2号线/蛇口线_湖贝;3号线/龙岗线_红岭;3号线/龙岗线_老街;3号线/龙岗线_晒布;9号线_红岭;9号线_红岭南;9号线_鹿丹村;9号线_人民南;9号线_向西村,114.114366,0,,银行系统 技术大牛团队 项目稳定,6271017,['银行'],Java,,5170589,1,100,11k-16k,0,后端开发,['Java'],国贸,2号线/蛇口线,Java,3-5年
0,0,1,['望京'],北京,上海大岂网络科技有限公司,154561,"['带薪年假', '定期体检', '年终分红', '节日礼物']",images/logo_default.png,MoSeeker仟寻,150-500人,2019-08-14 12:11:02,0,朝阳区,本科,,B轮,开发|测试|运维类,12:11发布,,,today,移动互联网,[],0,0,全职,1565757253000,40.002206,14号线东段_东湖渠;14号线东段_望京;14号线东段_阜通;15号线_望京东;15号线_望京,116.47282,0,,"超长年假,培训多,发展空间大",6280927,['Java'],Java工程师,,8734468,1,100,15k-22k,0,后端开发,['Java'],东湖渠,15号线,Java,3-5年
0,0,1,,成都,北京联龙博通电子商务技术有限公司,17785,"['节日礼物', '技能培训', '带薪年假', '绩效奖金']",image1/M00/1E/06/CgYXBlUs4zKABvsqAACmSrJc6MQ571.jpg,联龙博通,2000人以上,2019-08-14 09:16:12,0,高新区,不限,,D轮及以上,开发|测试|运维类,09:16发布,,,today,"移动互联网,电商",[],0,0,全职,1565762015000,30.543036,1号线(五根松)_天府五街;1号线(五根松)_天府三街;1号线(科学城)_天府五街;1号线(科学城)_天府三街,104.057612,0,,周末双休 五险一金 餐补 加班费 年终奖,6270979,"['Javascript', 'Java']",java开发工程师,,14173057,1,27,10k-20k,0,后端开发,"['Javascript', 'Java']",天府五街,1号线(五根松),Java,3-5年
0,0,1,,广州,广州太平洋电脑信息咨询有限公司,992,"['年底双薪', '绩效奖金', '五险一金', '带薪年假']",image1/M00/00/05/CgYXBlTUWACAEirfAABRQiJOrU4446.jpg,太平洋网络有限公司,500-2000人,2019-08-14 08:23:38,0,天河区,本科,,上市公司,开发|测试|运维类,08:23发布,,,today,"电商,消费生活",[],0,0,全职,1565743784000,23.175551,,113.415343,0,,上市公司 年终奖金 年底双薪 五险一金,6275790,['J2EE'],java开发工程师,,9536794,1,100,8k-11k,0,后端开发,['J2EE'],,,Java,1-3年
0,0,1,,深圳,深圳市同和信息技术有限公司,17161,"['绩效奖金', '五险一金', '年度旅游', '岗位晋升']",image2/M00/08/72/CgqLKVYCo8-AJuOoAAAUJ-Zvy64802.png,同和科技,150-500人,2019-08-13 09:36:27,0,南山区,本科,,不需要融资,开发|测试|运维类,1天前发布,,,today,"移动互联网,金融",[],0,0,全职,1565762716000,22.535722,1号线/罗宝线_香蜜湖;1号线/罗宝线_车公庙;1号线/罗宝线_竹子林;7号线_农林;7号线_车公庙;9号线_下沙;9号线_车公庙;11号线/机场线_车公庙,114.025714,0,,福利待遇优厚，欢迎大家多多了解,6276226,"['分布式', 'Java', 'MySQL']",java开发工程师,,14794391,1,50,12k-16k,0,后端开发,"['分布式', 'Java', 'MySQL']",农林,7号线,Java,3-5年
0,0,1,['珠江新城'],广州,威讯柏睿数据科技（北京）有限公司,206460,"['股票期权', '专项奖金', '带薪年假', '弹性工作']",i/image/M00/5A/00/CgpFT1mLwrOAdMUyAACgF06dwo848.jpeg,柏睿数据,50-150人,2019-08-14 13:56:50,0,天河区,本科,,B轮,开发|测试|运维类,13:56发布,,,disabled,"数据服务,信息安全","['大数据', '云计算', 'Javascript', '嵌入式', '分布式']",0,0,全职,1565762343000,23.115805,3号线_广州塔;3号线_珠江新城;5号线_珠江新城;5号线_猎德;5号线_潭村;APM线_海心沙;APM线_大剧院;APM线_花城大道;APM线_妇儿中心;APM线_黄埔大道,113.331829,0,,大数据 多绩效 BI 数据仓储,6280861,"['大数据', '云计算', 'Javascript', '嵌入式', '分布式']",Java,,8027504,1,100,9k-18k,0,后端开发,"['Java', 'Javascript', '嵌入式', '分布式']",珠江新城,3号线,Java,1-3年
0,0,1,,无锡,苏州久久企业服务有限公司,761757,[],i/image2/M01/75/22/CgotOV1ROASACV7EAAAJx9KTQdU967.jpg,久久财务,15-50人,2019-08-14 10:53:08,0,新吴区,本科,,未融资,开发|测试|运维类,10:53发布,,,today,电商,[],0,0,全职,1565745065000,31.492169,,120.368162,0,,双休 五险一金 年终奖,6275368,['后端'],java工程师,,14817159,0,0,10k-20k,0,后端开发,['后端'],,,Java,3-5年
0,0,1,,深圳,上海海万信息科技股份有限公司,128998,[],i/image/M00/2A/A6/Cgp3O1cyziuAfM5AAAAe20ZOb-4754.png,海万科技,500-2000人,2019-08-14 10:42:33,0,福田区,本科,,不需要融资,开发|测试|运维类,10:42发布,,,today,"移动互联网,金融",[],0,0,全职,1565761952000,22.535702,1号线/罗宝线_岗厦;1号线/罗宝线_会展中心;1号线/罗宝线_购物公园;2号线/蛇口线_莲花西;2号线/蛇口线_福田;2号线/蛇口线_市民中心;3号线/龙岗线_石厦;3号线/龙岗线_购物公园;3号线/龙岗线_福田;4号线/龙华线_会展中心;4号线/龙华线_市民中心;7号线_石厦;11号线/机场线_福田,114.053855,0,,下午茶,6278430,"['后端', 'J2EE', '分布式', '软件开发']",java开发工程师,,11741560,1,100,10k-20k,0,后端开发,"['后端', 'J2EE', '分布式', '软件开发']",岗厦,2号线/蛇口线,Java,3-5年
0,0,1,"['上地', '马连洼', '西二旗']",北京,贝壳找房（北京）科技有限公司,55446,"['股票期权', '带薪年假', '绩效奖金', '扁平管理']",i/image2/M01/AC/F7/CgotOVvycNiAAe8OAABhrmY_47k309.png,贝壳,2000人以上,2019-08-14 08:57:54,0,海淀区,本科,,D轮及以上,开发|测试|运维类,08:57发布,,"['免费班车', '免费健身房', '免费下午茶', '一年调薪1次', '一年调薪2次', '15薪', '弹性工作', '地铁周边', '定期团建', '工作居住证', '超长年假', '6险2金']",today,房产家居,[],0,0,全职,1565746566000,40.04018,13号线_上地;13号线_西二旗;昌平线_西二旗,116.305611,0,,"16薪,免费三餐,大平台,健身房",6149390,['后端'],java研发工程师-话务方向,,11143900,1,100,25k-35k,0,后端开发,['后端'],西二旗,昌平线,Java,3-5年
0,0,1,"['张江', '唐镇']",上海,深圳市博悦科创科技有限公司,117217,"['年底双薪', '定期体检', '绩效奖金', '技能培训']",i/image/M00/10/8F/CgqKkVbf8TKACeAMAAAop3DnaW4486.png,博悦科创,500-2000人,2019-08-13 09:26:17,0,浦东新区,大专,,不需要融资,开发|测试|运维类,1天前发布,,,today,移动互联网,[],0,0,全职,1565691499000,31.208298,2号线\2号线东延线_唐镇,121.655325,0,,"五险一金,多次调薪,周末双休",6276118,"['后端', 'J2EE']",java开发工程师,,10185029,1,100,10k-12k,0,后端开发,"['后端', 'J2EE']",唐镇,2号线\2号线东延线,Java,1-3年
0,0,1,,广州,广州希音供应链管理有限公司,492335,[],i/image2/M01/E8/79/CgoB5lx2CPqAXSNyAAAKgfQkez0161.png,SHEIN,2000人以上,2019-08-13 20:23:37,0,番禺区,本科,,C轮,开发|测试|运维类,1天前发布,,,today,"电商,移动互联网",[],0,0,全职,1565752772000,23.013356,7号线_员岗,113.370752,0,,线上快时尚 大平台 供应链产品 跨境电商,6276819,['后端'],JAVA开发 (MJ000098),,3290312,1,50,10k-15k,0,后端开发,['后端'],员岗,7号线,Java,1-3年
0,0,1,,成都,北京神州立通科技有限公司,418235,[],i/image2/M01/82/7E/CgoB5luDrdyADzhzAAAuv1ZjA6M689.jpg,北京神州立通科技有限公司,2000人以上,2019-08-14 10:36:39,0,高新区,本科,,未融资,开发|测试|运维类,10:36发布,,"['新婚红包', '早九晚六', '免费健身房', '学习机会', '电脑补贴', '节假日福利', '地铁周边', '5险1金']",today,"移动互联网,企业服务",[],0,0,全职,1565750259000,30.581175,,104.047534,0,,五险一金 周末双休 加班补助,6270783,"['Java', 'MySQL', '数据库', '系统架构']",java开发工程师,,11652060,1,67,7k-10k,0,后端开发,"['Java', 'MySQL', '数据库', '系统架构']",,,Java,1-3年
0,0,1,"['西北旺', '上地', '清河']",北京,拉扎斯网络科技（上海）有限公司,51480,"['节日礼物', '绩效奖金', '年度旅游', '岗位晋升']",i/image3/M00/27/07/CgpOIFqZDj-AOobxAAAMhOHMUNc357.png,饿了么,2000人以上,2019-08-13 18:17:23,0,海淀区,本科,,D轮及以上,开发|测试|运维类,1天前发布,,"['试用期上社保', '试用期上公积金', '免费体检', '5险1金']",today,消费生活,[],0,1,全职,1565752959000,40.03841,13号线_上地,116.308406,0,,阿里平台、核心团队、算法大牛、前沿应用,6281058,['Java'],JAVA工程师,,3725503,0,0,20k-30k,0,后端开发,['Java'],上地,13号线,Java,应届毕业生
0,0,1,['西溪'],杭州,无线生活（北京）信息技术有限公司,2900,"['扁平化管理', '技术驱动', '14薪', '六险一金']",image1/M00/0F/B0/Cgo8PFT9bUuAFYmqAABKRDf-Ah0371.jpg,微店,500-2000人,2019-08-14 09:51:01,0,西湖区,本科,,C轮,开发|测试|运维类,09:51发布,,,today,电商,[],0,0,全职,1565758952000,30.290878,,120.074569,0,,工作氛围好 福利佳,6278909,['Java'],java开发工程师,,4848166,1,36,20k-35k,0,后端开发,['Java'],,,Java,3-5年
0,0,1,,广州,广州数夫软件科技有限公司,171993,[],i/image/M00/A1/5F/CgqKkVins2aAB8gmAAC3cw0QAX0515.jpg,数夫软件,150-500人,2019-08-14 09:00:36,0,天河区,本科,,未融资,开发|测试|运维类,09:00发布,,,disabled,移动互联网,[],0,0,全职,1565752383000,23.126201,5号线_员村;5号线_科韵路,113.372471,0,,"五险一金,双休,弹性工作制,即将上市",2885009,"['后端', 'Java', 'MySQL']",JAVA开发工程师,,7079863,2,64,9k-18k,0,后端开发,"['后端', 'Java', 'MySQL']",员村,5号线,PHP,3-5年
0,0,1,"['浦沿', '江南']",杭州,纳里健康科技有限公司,35514,"['股票期权', '带薪年假', '弹性工作', '帅哥多']",i/image3/M00/22/35/CgpOIFqUwZKAY620AAAe6R4X4XM714.png,纳里健康,150-500人,2019-08-14 13:44:56,0,滨江区,本科,,B轮,开发|测试|运维类,13:44发布,,,today,医疗丨健康,"['医疗健康', '后端', 'Java']",0,0,全职,1565761879000,30.184528,4号线_联庄,120.163083,0,,弹性工作 周末双休 年底双薪 独角兽,6276757,"['医疗健康', '后端', 'Java']",java开发工程师,,2301317,1,100,20k-25k,0,后端开发,"['后端', 'Java']",联庄,4号线,Java,5-10年
0,0,1,,南京,飞虎互动科技（北京）有限公司,132990,"['专项奖金', '绩效奖金', '五险一金', '岗位晋升']",images/logo_default.png,飞虎互动,50-150人,2019-08-14 13:41:04,0,雨花台区,本科,,A轮,开发|测试|运维类,13:41发布,,,today,"移动互联网,消费生活","['移动互联网', 'Java']",0,0,全职,1565761162000,31.991347,,118.779073,0,,交通便利，办公环境好，团队氛围帮棒,6278470,"['移动互联网', 'Java']",java开发工程师,,4517211,1,100,10k-20k,0,后端开发,['Java'],,,Java,3-5年
0,0,0,,北京,祥瑞新宇科技（北京）有限公司,760816,[],images/logo_default.png,祥瑞新宇,少于15人,2019-08-13 15:19:00,0,昌平区,本科,,未融资,开发|测试|运维类,1天前发布,,,today,软件开发,['企业服务'],0,0,全职,1565760024000,40.148968,昌平线_沙河,116.290595,0,,五险一金，基本不加班,6279356,['企业服务'],Java开发工程师,,14800753,0,0,4k-7k,0,后端开发,[],沙河,昌平线,Java,1年以下
0,0,1,"['翠竹', '东门', '洪湖']",深圳,金千枝（深圳）珠宝管理服务有限公司,362188,[],i/image2/M00/49/E0/CgoB5lrpd32AJsSjAACdEGHuQvg641.jpg,金千枝,50-150人,2019-08-13 09:04:36,0,罗湖区,大专,,不需要融资,开发|测试|运维类,1天前发布,,,today,"企业服务,数据服务",[],0,0,全职,1565744459000,22.557642,2号线/蛇口线_湖贝;3号线/龙岗线_晒布;3号线/龙岗线_翠竹;3号线/龙岗线_田贝;7号线_洪湖;7号线_田贝,114.125425,0,,五险一金 下午茶 节日福利,6273552,['后端'],java开发工程师,,11994186,1,4,12k-18k,0,后端开发,['后端'],洪湖,2号线/蛇口线,Java,3-5年
0,0,1,"['来广营', '望京']",北京,北京江融信科技有限公司,72262,"['绩效奖金', '管理规范', '通讯津贴', '定期体检']",i/image3/M00/22/39/CgpOIFqUw6eAK6M9AADDd1ypsZE475.png,江融信,150-500人,2019-08-13 10:51:15,0,朝阳区,本科,,B轮,开发|测试|运维类,1天前发布,,,threeDays,"移动互联网,其他",[],0,0,全职,1565664473000,40.013126,14号线东段_来广营;14号线东段_东湖渠,116.47437,0,,带薪年假，补充医疗，定期团建，帅哥美女,6277137,"['后端', '分布式']",java开发,,9720409,0,0,20k-25k,0,后端开发,"['后端', '分布式']",东湖渠,14号线东段,Java,5-10年
0,0,1,"['西兴', '长河']",杭州,深圳市长亮科技股份有限公司,23403,"['五险一金', '通讯津贴', '带薪年假', '定期体检']",i/image2/M01/0F/2B/CgoB5lyh2aaAd0lYAAANH5unwBw856.jpg,长亮科技,2000人以上,2019-08-14 09:06:48,0,滨江区,本科,,上市公司,开发|测试|运维类,09:06发布,,,today,企业服务,[],0,0,全职,1565753319000,30.208298,1号线_滨和路;1号线_江陵路;1号线_滨和路;1号线_江陵路,120.222953,0,,五险一金 年休假 出国机会 体检,6276838,"['服务器端', 'J2EE', 'Javascript', 'Java']",java开发工程师,,4735092,1,59,10k-15k,0,后端开发,"['服务器端', 'J2EE', 'Javascript', 'Java']",滨和路,1号线,Java,1-3年
0,0,1,"['南油', '科技园']",深圳,上海微创软件股份有限公司,124652,"['绩效奖金', '年底双薪', '带薪年假', '定期体检']",i/image2/M01/28/D8/CgotOVzPyauAMybNAAA8zQprrtk576.jpg,微创软件,2000人以上,2019-08-13 16:35:01,0,南山区,大专,,不需要融资,开发|测试|运维类,1天前发布,,,today,"企业服务,移动互联网",[],0,0,全职,1565753521000,22.522977,2号线/蛇口线_后海;2号线/蛇口线_科苑;11号线/机场线_南山;11号线/机场线_后海,113.935334,0,,年终奖 双休 五险一金,6276594,"['后端', 'Java']",java开发工程师,,7763443,1,19,10k-17k,0,后端开发,"['后端', 'Java']",南山,2号线/蛇口线,Java,3-5年
0,0,1,"['仙林', '亚东']",南京,南京途牛科技有限公司,8250,"['绩效奖金', '股票期权', '五险一金', '带薪年假']",i/image/M00/59/09/CgqKkVfWfJqAbxmRAABgcouK9NQ952.png,途牛旅游网,2000人以上,2019-08-12 17:56:34,0,玄武区,本科,,上市公司,开发|测试|运维类,2天前发布,,['一年调薪2次'],today,"电商,旅游","['支付', '互联网金融', '后端', 'Java', '分布式']",0,0,全职,1565753347000,32.08445,4号线_徐庄·苏宁总部,118.88768,0,,上市公司 领导nice 管理扁平氛围融洽,6275039,"['支付', '互联网金融', '后端', 'Java', '分布式']",Java开发工程师,,11939328,0,0,15k-25k,0,后端开发,"['后端', 'Java', '分布式']",徐庄·苏宁总部,4号线,Java,3-5年
0,0,1,['曹路'],上海,深圳市博悦科创科技有限公司,117217,"['年底双薪', '定期体检', '绩效奖金', '技能培训']",i/image/M00/10/8F/CgqKkVbf8TKACeAMAAAop3DnaW4486.png,博悦科创,500-2000人,2019-08-13 09:20:48,0,浦东新区,大专,,不需要融资,开发|测试|运维类,1天前发布,,,today,移动互联网,[],0,0,全职,1565744392000,31.236681,,121.66458,0,,福利待遇好，办公环境佳。五险一金。,6276066,['J2EE'],java开发工程师,,9670588,1,93,8k-13k,0,后端开发,['J2EE'],,,Java,1-3年
0,0,1,"['西二旗', '西北旺', '上地']",北京,贝壳找房（北京）科技有限公司,55446,"['股票期权', '带薪年假', '绩效奖金', '扁平管理']",i/image2/M01/AC/F7/CgotOVvycNiAAe8OAABhrmY_47k309.png,贝壳,2000人以上,2019-08-14 11:14:23,0,海淀区,本科,,D轮及以上,开发|测试|运维类,11:14发布,,"['免费班车', '免费健身房', '免费下午茶', '一年调薪1次', '一年调薪2次', '15薪', '弹性工作', '地铁周边', '定期团建', '工作居住证', '超长年假', '6险2金']",today,房产家居,[],0,0,全职,1565753856000,40.043389,13号线_西二旗;昌平线_西二旗,116.305531,0,,"公司氛围好,内部成长快,免费三餐,成长快",6031136,"['Java', '数据挖掘']",资深Java（数据）,,18726,1,100,30k-50k,0,后端开发,"['Java', '数据挖掘']",西二旗,昌平线,Java,3-5年
0,0,1,,宁波,宁波金梧网络科技有限公司,761605,[],i/image2/M01/74/EC/CgotOV1REJKAciqDAACAh4KqFmw800.png,金梧科技,15-50人,2019-08-14 14:15:54,0,江北区,不限,,不需要融资,开发|测试|运维类,14:15发布,,,today,"信息安全,软件开发","['电商', '新零售', '后端', '服务器端', 'Android', 'IOS']",0,0,全职,1565759744000,29.876946,1号线_江厦桥东;1号线_东门口;1号线_鼓楼;2号线_城隍庙;2号线_鼓楼;2号线_外滩大桥;2号线_正大路,121.558494,0,,年底双薪 季度奖励,6275410,"['电商', '新零售', '后端', '服务器端', 'Android', 'IOS']",java开发工程师,,14815969,1,33,10k-20k,0,后端开发,"['后端', '服务器端', 'Android', 'IOS']",东门口,2号线,Java,1-3年
0,0,1,,深圳,深圳市客路网络科技有限公司,28121,"['零食水果供应', '带薪年假', '绩效奖金', '扁平管理']",i/image/M00/00/AD/Cgp3O1ZSwWuATjtNAAAfDHrmDjo001.png,KLOOK 客路旅行,500-2000人,2019-08-13 00:59:09,0,福田区,本科,,D轮及以上,开发|测试|运维类,1天前发布,,,today,旅游,"['电商', '旅游', '后端']",0,0,全职,1565750781000,22.533416,1号线/罗宝线_香蜜湖;1号线/罗宝线_车公庙;7号线_农林;7号线_车公庙;7号线_上沙;9号线_下沙;9号线_车公庙;11号线/机场线_车公庙,114.030246,0,,双休,6275866,"['电商', '旅游', '后端']",Java工程师,,366796,2,100,12k-20k,0,后端开发,['后端'],农林,7号线,Java,1-3年
0,0,1,['张江'],上海,北京瑞友科技股份有限公司,150030,[],i/image/M00/4A/76/CgpEMllli-qAYWKDAAAaNfCDIT0057.png,北京瑞友,2000人以上,2019-08-13 10:56:01,0,浦东新区,本科,,上市公司,开发|测试|运维类,1天前发布,,,today,电商,"['企业服务', '移动互联网', '后端', '分布式', 'J2EE']",0,0,全职,1565751554000,31.209164,2号线\2号线东延线_广兰路,121.628644,0,,技术前沿，薪资优厚，交通便利,6277198,"['企业服务', '移动互联网', '后端', '分布式', 'J2EE']",java开发,,8146408,0,0,10k-16k,0,后端开发,"['后端', '分布式', 'J2EE']",广兰路,2号线\2号线东延线,Java,3-5年
0,0,1,,广州,广州欣纬智慧安全科技有限公司,509972,[],i/image2/M01/FA/C9/CgoB5lyIwYSAX2CNAAAsCDzOa5M848.png,欣纬应急,50-150人,2019-08-13 10:02:13,0,海珠区,本科,,A轮,开发|测试|运维类,1天前发布,,,today,"信息安全,人工智能",[],0,0,全职,1565762508000,23.092903,8号线_晓港;8号线_中大,113.291829,0,,领军行业 准独角兽企业 项目奖金,6273952,"['Java', 'C++', 'MySQL']",java开发工程师,,14763115,1,100,5k-8k,0,后端开发,"['Java', 'C++', 'MySQL']",晓港,8号线,Java,1-3年
0,0,1,"['望京', '来广营']",北京,北京摩拜科技有限公司,52261,"['绩效奖金', '股票期权', '弹性工作', '扁平管理']",i/image/M00/17/32/Cgp3O1bxD3SAA1hpAACE9qP0lcA037.jpg,mobike摩拜单车,150-500人,2019-08-13 20:37:57,0,朝阳区,本科,,D轮及以上,开发|测试|运维类,1天前发布,,,today,汽车丨出行,[],0,0,全职,1565751243000,40.021106,14号线东段_来广营;14号线东段_东湖渠,116.471582,0,,大厂，个人成长空间,6281505,['Java'],java开发工程师,,9727826,2,100,15k-30k,0,后端开发,['Java'],东湖渠,14号线东段,Java,3-5年
0,0,1,['棠下'],广州,广州沐思信息科技有限公司,120686,"['午餐补助', '带薪年假', '弹性工作', '扁平管理']",i/image2/M01/C0/5B/CgotOVwtzdGAZHlgAAAXO2JRFMg671.png,千聊,150-500人,2019-08-13 16:46:33,0,天河区,本科,,B轮,开发|测试|运维类,1天前发布,,['免费下午茶'],today,移动互联网,"['教育', '电商', '分布式', 'Linux/Unix', 'Java', 'SOA']",0,0,全职,1565746882000,23.128218,4号线_车陂;4号线_车陂南;5号线_车陂南,113.389803,0,,双休 包餐 下午茶,6280285,"['教育', '电商', '分布式', 'Linux/Unix', 'Java', 'SOA']",Java开发工程师,,7822667,1,52,12k-18k,0,后端开发,"['分布式', 'Linux/Unix', 'Java', 'SOA']",车陂南,5号线,Java,3-5年
0,0,1,"['魏公村', '白石桥', '中关村']",北京,广州市易杰数码科技有限公司,8727,"['绩效奖金', '专项奖金', '年底双薪', '五险一金']",image1/M00/00/12/CgYXBlTUWDaAXSR1AABX8dnZJRY933.jpg,易杰,150-500人,2019-08-14 14:08:31,0,海淀区,本科,,上市公司,开发|测试|运维类,14:08发布,,,disabled,"移动互联网,社交",[],0,0,全职,1565755355000,39.95744,4号线大兴线_魏公村;4号线大兴线_人民大学,116.32244,0,,"企业好,平台好,福利好,项目好",6277734,"['后端', 'Linux/Unix']",java开发工程师,,108153,0,3,15k-25k,0,后端开发,"['后端', 'Linux/Unix']",魏公村,4号线大兴线,Java,5-10年
0,0,0,"['天桥', '大栅栏', '珠市口']",北京,中邮信息科技（北京）有限公司,461058,[],i/image2/M01/76/20/CgoB5l1TXnGAD0EjAAADGN8Uf_E282.png,中邮信息科技（北京）有限公司,150-500人,2019-08-14 10:49:44,0,西城区,本科,,未融资,开发|测试|运维类,10:49发布,,,today,"移动互联网,其他",[],0,0,全职,1565750924000,39.886329,4号线大兴线_菜市口;7号线_珠市口;7号线_虎坊桥;7号线_菜市口;8号线南段_天桥,116.390934,0,,补充医疗、企业年金、年度体检、食堂、补贴,6274560,"['J2EE', 'Java']",java开发工程师,,11806353,0,0,15k-30k,0,后端开发,"['J2EE', 'Java']",菜市口,7号线,Java,3-5年
0,0,1,,上海,上海微创软件股份有限公司,124652,"['绩效奖金', '年底双薪', '带薪年假', '定期体检']",i/image2/M01/28/D8/CgotOVzPyauAMybNAAA8zQprrtk576.jpg,微创软件,2000人以上,2019-08-13 16:04:16,0,静安区,本科,,不需要融资,开发|测试|运维类,1天前发布,,,today,"企业服务,移动互联网","['电商', '分布式']",0,0,全职,1565759669000,31.297947,1号线_汶水路;1号线_彭浦新村,121.457633,0,,高端的工作环境/轻松的工作氛围,6279836,"['电商', '分布式']",java开发工程师,,13683552,2,8,11k-22k,0,后端开发,['分布式'],彭浦新村,1号线,Java,3-5年
0,0,1,,西安,陕西云创网络科技股份有限公司,117582,[],i/image/M00/0C/68/Cgp3O1bXi12AUs41AADEw5qX1Kw991.png,云创科技,50-150人,2019-08-12 20:08:48,0,曲江新区,本科,,不需要融资,开发|测试|运维类,2天前发布,,,today,"旅游,电商","['旅游', '大数据']",0,0,全职,1565760533000,34.189885,2号线_会展中心,108.960341,0,,公司受国家政策扶持，发展前景好。,6275599,"['旅游', '大数据']",Java开发工程师,,8445481,0,0,8k-12k,0,后端开发,[],会展中心,2号线,Java,3-5年
0,0,1,"['肖家河', '高升桥', '创业路']",成都,亚信科技（中国）有限公司,25322,"['年底双薪', '技能培训', '免费班车', '带薪年假']",i/image2/M01/A1/42/CgotOVvS-F2ARLCqAAGhhVXKtLw993.jpg,亚信,2000人以上,2019-08-12 16:57:01,0,高新区,本科,,不需要融资,开发|测试|运维类,2天前发布,,,today,"企业服务,移动互联网","['电商', '通信/网络设备', 'Android', 'IOS', '后端', 'Java']",0,0,全职,1565752006000,30.626289,3号线_衣冠庙;3号线_红牌楼;7号线_高朋大道,104.04096,0,,五险一金，十三薪年终奖,6274520,"['电商', '通信/网络设备', 'Android', 'IOS', '后端', 'Java']",java开发工程师,,6363103,1,100,8k-10k,0,后端开发,"['Android', 'IOS', '后端', 'Java']",衣冠庙,3号线,Java,1-3年
0,0,1,['鱼化寨'],西安,广东省电信规划设计院有限公司,61875,"['绩效奖金', '带薪年假', '通讯津贴', '年底双薪']",image1/M00/3D/62/Cgo8PFW4T6OAM7tIAAAK0iaN1SE026.jpg,设计院,2000人以上,2019-08-14 10:10:00,0,雁塔区,本科,,上市公司,开发|测试|运维类,10:10发布,,,today,"移动互联网,金融","['互联网金融', '分布式', '后端']",0,0,全职,1565753655000,34.225266,3号线_延平门,108.880494,0,,平台大 年终奖,6274673,"['互联网金融', '分布式', '后端']",java开发工程师,,9692858,2,100,8k-12k,0,后端开发,"['分布式', '后端']",延平门,3号线,Java,3-5年
0,0,1,"['龙柏', '七宝', '航华']",上海,上海汉得信息技术股份有限公司,25063,"['足球场', '提供住宿', '绩效奖金', '岗位晋升']",image1/M00/2A/75/Cgo8PFVr_QWAGPsnAAAzn6qr2Tc653.jpg,汉得信息,2000人以上,2019-08-13 14:34:13,0,闵行区,本科,,上市公司,开发|测试|运维类,1天前发布,,,today,"企业服务,数据服务",[],0,0,全职,1565761955000,31.172933,10号线_龙柏新村;10号线_紫藤路,121.369786,0,,发展空间大，做五休二，五险一金,6278822,"['后端', 'SOA']",java开发工程师,,9432202,1,33,14k-18k,0,后端开发,"['后端', 'SOA']",紫藤路,10号线,Java,3-5年
0,0,1,,北京,乐元素科技（北京）股份有限公司,287099,"['技能培训', '领导好', '节日礼物']",i/image2/M00/1F/8C/CgotOVoNP_-AAYzPAAAUcuDReE4859.jpg,乐元素游戏,500-2000人,2019-08-14 08:56:46,0,海淀区,本科,,不需要融资,开发|测试|运维类,08:56发布,,,today,"移动互联网,游戏",[],0,0,全职,1565746652000,39.981536,4号线大兴线_海淀黄庄;4号线大兴线_中关村;4号线大兴线_北京大学东门;10号线_苏州街;10号线_海淀黄庄,116.305583,0,,"技术大牛,人工智能,机器学习,大数据",6281069,"['Java', 'MySQL', '机器学习', '后端']",java开发工程师,,4887406,0,0,40k-60k,0,后端开发,"['Java', 'MySQL', '机器学习', '后端']",中关村,10号线,Java,5-10年
0,0,1,['深圳湾'],深圳,深圳市赞达贸易有限公司,459953,"['带薪年假', '定期体检', '弹性工作', '海外电商']",i/image2/M01/57/80/CgoB5l0cF7KAcQ7RAABGDdKHrCM351.jpg,Lazada,2000人以上,2019-08-13 23:28:52,0,南山区,本科,,不需要融资,开发|测试|运维类,1天前发布,,,today,"移动互联网,电商","['电商', '广告营销', '服务器端', '后端', '分布式', 'Java']",0,0,全职,1565742579000,22.509175,2号线/蛇口线_海月;2号线/蛇口线_登良;2号线/蛇口线_后海;11号线/机场线_后海,113.942248,0,,东南亚再造淘宝，股票+新加坡工作差旅,6281678,"['电商', '广告营销', '服务器端', '后端', '分布式', 'Java']",Java开发工程师,,10037909,0,0,20k-40k,0,后端开发,"['服务器端', '后端', '分布式', 'Java']",后海,2号线/蛇口线,Java,3-5年
0,0,1,,杭州,浙江有数数字科技有限公司,762483,"['年底双薪', '定期体检', '带薪年假', '股票期权']",images/logo_default.png,有数,150-500人,2019-08-13 22:10:27,0,江干区,本科,,A轮,开发|测试|运维类,1天前发布,,,today,"金融,数据服务",['大数据'],0,0,全职,1565759904000,30.3111,1号线_九和路;1号线_九堡;1号线_九和路;1号线_九堡,120.254913,0,,技术大牛,6281627,['大数据'],java开发工程师,,3727042,0,0,9k-15k,0,后端开发,[],九和路,1号线,Java,3-5年
0,0,1,,广州,广东灵机文化传播有限公司,1175,"['带薪年假', '绩效奖金', '岗位晋升', '项目提成']",image1/M00/30/E4/Cgo8PFWKIqOAJ711AACC5kBXAhU526.jpg,灵机文化,150-500人,2019-08-13 16:26:00,0,天河区,大专,,不需要融资,开发|测试|运维类,1天前发布,,,today,"移动互联网,电商",[],0,0,全职,1565756238000,23.119591,4号线_车陂;4号线_车陂南;5号线_科韵路;5号线_车陂南,113.382986,0,,工作餐，五险一金，国外游，扁平化管理,6280056,"['后端', '算法', 'docker']",Java工程师,,7776013,3,94,7k-10k,0,后端开发,"['后端', '算法', 'docker']",车陂南,5号线,Java,1-3年
0,0,1,['天水'],杭州,浙江海高控股集团有限公司,483642,"['年底双薪', '绩效奖金', '带薪年假', '定期体检']",i/image2/M01/53/7D/CgoB5l0Vd3yAbvAUAAAfkWuQQlo449.png,海高控股,500-2000人,2019-08-13 16:25:01,0,下城区,本科,,不需要融资,开发|测试|运维类,1天前发布,,,today,"移动互联网,医疗丨健康",[],0,0,全职,1565742435000,30.270778,1号线_凤起路;1号线_武林广场;1号线_西湖文化广场;1号线_凤起路;1号线_武林广场;1号线_西湖文化广场;2号线_中河北路;2号线_凤起路;2号线_武林门;2号线_沈塘桥,120.1594,0,,双休、13薪,6280047,"['Linux/Unix', 'MySQL']",JAVA开发工程师,,13446847,0,0,20k-40k,0,后端开发,"['Linux/Unix', 'MySQL']",中河北路,2号线,Java,3-5年
0,0,0,['华漕'],上海,上海望潮数据科技有限公司,542866,[],images/logo_default.png,上海望潮数据科技有限公司,50-150人,2019-08-13 10:23:07,0,闵行区,本科,,A轮,开发|测试|运维类,1天前发布,,,today,"移动互联网,人工智能",[],0,0,全职,1565750546000,31.1941,2号线_虹桥火车站;2号线_徐泾东;10号线_虹桥火车站,121.309526,0,,平台好，领导好，福利好,6276804,['后端'],java开发工程师,,3642690,0,0,20k-35k,0,后端开发,['后端'],虹桥火车站,2号线,Java,3-5年
0,0,1,['张江'],上海,上海微创软件股份有限公司,124652,"['绩效奖金', '年底双薪', '带薪年假', '定期体检']",i/image2/M01/28/D8/CgotOVzPyauAMybNAAA8zQprrtk576.jpg,微创软件,2000人以上,2019-08-14 13:37:25,0,浦东新区,本科,,不需要融资,开发|测试|运维类,13:37发布,,,today,"企业服务,移动互联网",[],0,0,全职,1565744941000,31.209005,2号线_金科路;2号线_张江高科,121.600526,0,,平台大,6283903,['Java'],Java开发工程师,,10299648,4,82,10k-15k,0,后端开发,['Java'],金科路,2号线,Java,3-5年
0,0,1,"['上地', '马连洼', '西二旗']",北京,贝壳找房（北京）科技有限公司,55446,"['股票期权', '带薪年假', '绩效奖金', '扁平管理']",i/image2/M01/AC/F7/CgotOVvycNiAAe8OAABhrmY_47k309.png,贝壳,2000人以上,2019-08-14 09:33:57,0,海淀区,本科,,D轮及以上,开发|测试|运维类,09:33发布,,"['免费班车', '免费健身房', '免费下午茶', '一年调薪1次', '一年调薪2次', '15薪', '弹性工作', '地铁周边', '定期团建', '工作居住证', '超长年假', '6险2金']",today,房产家居,[],0,0,全职,1565746416000,40.04018,13号线_上地;13号线_西二旗;昌平线_西二旗,116.305611,0,,优质平台,6061606,['Java'],资深Java工程师,,14010730,1,100,40k-70k,0,后端开发,['Java'],西二旗,昌平线,Java,5-10年
0,0,1,"['深圳湾', '南油', '后海']",深圳,深圳市珍爱网信息技术有限公司,6718,"['发展上升型', '朝阳行业', '创业氛围浓厚', '年终分红']",i/image2/M01/62/AE/CgotOV0tmXOAHF_XAAAZp0H6eLs064.jpg,珍爱网,2000人以上,2019-08-13 15:57:30,0,南山区,本科,,不需要融资,开发|测试|运维类,1天前发布,,,today,"社交,消费生活",[],0,0,全职,1565754514000,22.519366,2号线/蛇口线_登良;2号线/蛇口线_后海;2号线/蛇口线_科苑;11号线/机场线_后海,113.941993,0,,项目核心，极客氛围，提升空间大,1567256,[],Java开发工程师,,193221,2,32,15k-22k,0,后端开发,[],后海,2号线/蛇口线,Java,1-3年
0,0,1,"['双井', '大望路', '百子湾']",北京,北京雷铭智信科技有限公司,104332,"['技能培训', '节日礼物', '绩效奖金', '岗位晋升']",i/image2/M01/8C/1D/CgotOVuYtYWAbUzhAAAdj4YBLcM971.png,雷铭科技,150-500人,2019-08-13 14:11:32,0,朝阳区,本科,,不需要融资,开发|测试|运维类,1天前发布,,,today,"移动互联网,电商",[],0,0,全职,1565750750000,39.887137,7号线_大郊亭;7号线_九龙山;14号线东段_九龙山;14号线东段_平乐园;14号线东段_北工大西门,116.481402,0,,五险一金,6273556,['后端'],java开发工程师,,13356324,1,10,10k-15k,0,后端开发,['后端'],北工大西门,7号线,Java,3-5年
0,0,1,,北京,北京摩美科技有限公司,542543,[],i/image2/M01/75/CC/CgotOV1SYOKAFMFOAAAvch8nos0987.png,北京摩美科技有限公司,少于15人,2019-08-13 13:39:32,0,朝阳区,本科,,天使轮,开发|测试|运维类,1天前发布,,,today,"移动互联网,文娱丨内容","['社交', '地图']",0,0,全职,1565748797000,40.008403,15号线_望京东,116.486001,0,,一家致力于改变世界的公司,6278254,"['社交', '地图']",Java开发工程师,,5316447,0,0,15k-22k,0,后端开发,[],望京东,15号线,Java,3-5年
0,0,1,,上海,上海中通吉网络技术有限公司,23348,"['绩效奖金', '五险一金', '带薪年假', '免费班车']",image1/M00/00/2E/Cgo8PFTUXHqAagkiAACi6zPHxFo410.jpg,中通快递,2000人以上,2019-08-12 08:54:49,0,青浦区,本科,,上市公司,开发|测试|运维类,2天前发布,,,today,电商,[],0,0,全职,1565746234000,31.227773,,121.20523,0,,薪资福利好，平台大，技术氛围好,6236964,['后端'],java开发工程师,,9815698,1,5,20k-40k,0,后端开发,['后端'],,,Java,5-10年
0,0,1,,苏州,威讯柏睿数据科技（北京）有限公司,206460,"['股票期权', '专项奖金', '带薪年假', '弹性工作']",i/image/M00/5A/00/CgpFT1mLwrOAdMUyAACgF06dwo848.jpeg,柏睿数据,50-150人,2019-08-14 13:56:49,0,太仓市,本科,,B轮,开发|测试|运维类,13:56发布,,,disabled,"数据服务,信息安全","['大数据', '云计算', '分布式', 'Javascript', 'Hadoop']",0,0,全职,1565762343000,31.417791,,121.206779,0,,大数据 多绩效 BI 数据仓储,6283660,"['大数据', '云计算', '分布式', 'Javascript', 'Hadoop']",java,,8027504,1,100,9k-18k,0,后端开发,"['分布式', 'Java', 'Javascript', 'Hadoop']",,,Java,1-3年
0,0,1,,杭州,浙江天鹂网络科技有限公司杭州分公司,408971,"['年底双薪', '带薪年假', '午餐补助', '绩效奖金']",i/image2/M01/5E/0F/CgoB5lszA3KAMycmAAAQik3m900300.png,浙江天鹂网络科技有限公司杭州分公司,150-500人,2019-08-14 13:52:53,0,西湖区,本科,,不需要融资,开发|测试|运维类,13:52发布,,,today,"移动互联网,电商",['电商'],0,0,全职,1565748902000,30.292584,,120.074273,0,,晋升空间大 周末双休 五险一金,6283464,['电商'],Java开发,,11118178,6,100,10k-15k,0,后端开发,[],,,Java,1-3年
0,0,1,['长河'],杭州,安厨控股有限公司,89089,"['岗位晋升', '美女多', '帅哥多', '领导好']",i/image/M00/68/77/CgpFT1mst9mAWN1AAAA0uRJXIrk751.jpg,安厨控股有限公司,150-500人,2019-08-14 13:48:03,0,滨江区,大专,,不需要融资,开发|测试|运维类,13:48发布,,,today,电商,[],0,0,全职,1565749481000,30.177238,,120.20067,0,,年终奖、五险一金、无限下午茶,6280868,['Hadoop'],Java开发工程师,,6198232,1,100,15k-25k,0,后端开发,['Hadoop'],,,Java,3-5年
